ID,Domain
3846,Tools
3847,Tools
3848,Tools
3849,Tools
3850,Tools
3851,Tools
3852,Tools
3853,Tools
3854,Tools
3855,Tools
3856,Tools
3857,Tools
3858,Tools
3859,Tools
3860,Tools
3861,Tools
3862,Tools
3863,Tools
3864,Tools
3865,Tools
3866,Tools
3867,Tools
3868,Tools
3869,Tools
3870,Tools
3871,Tools
3872,Tools
3873,Tools
3874,Tools
3875,Tools
3876,Tools
3877,Tools
3878,Tools
3879,Tools
3880,Tools
3881,Tools
3882,Tools
3883,Tools
3884,Tools
3885,Tools
3886,Tools
3887,Tools
3888,Tools
3889,Tools
3890,Tools
3891,Tools
3892,Tools
3893,Tools
3894,Tools
3895,Tools
3896,Tools
3897,Tools
3898,Tools
3899,Tools
3900,Tools
3901,Tools
3902,Tools
3903,Tools
3904,Tools
3905,Tools
3906,Tools
3907,Tools
3908,Tools
3909,Tools
3910,Tools
3911,Tools
3912,Tools
3913,Tools
3914,Tools
3915,Tools
3916,Tools
3917,Tools
3918,Tools
3919,Tools
3920,Tools
3921,Tools
3922,Tools
3923,Tools
3924,Tools
3925,Tools
3926,Tools
3927,Tools
3928,Tools
3929,Tools
3930,Tools
3931,Tools
3932,Tools
3933,Tools
3934,Tools
3935,Tools
3936,Tools
3937,Tools
3938,Tools
3939,Tools
3940,Tools
3941,Tools
3942,Tools
3943,Tools
3944,Tools
3945,Tools
3946,Tools
3947,Tools
3948,Tools
3949,Tools
3950,Tools
3951,Tools
3952,Tools
3953,Tools
3954,Tools
3955,Tools
3956,Tools
3957,Tools
3958,Tools
3959,Tools
3960,Tools
3961,Tools
3962,Tools
3963,Tools
3964,Tools
3965,Tools
3966,Tools
3967,Tools
3968,Tools
3969,Tools
3970,Tools
3971,Tools
3972,Tools
3973,Tools
3974,Tools
3975,Tools
3976,Tools
3977,Tools
3978,Tools
3979,Tools
3980,Tools
3981,Tools
3982,Tools
3983,Tools
3984,Tools
3985,Tools
3986,Tools
3987,Tools
3988,Tools
3989,Tools
3990,Tools
3991,Tools
3992,Tools
3993,Tools
3994,Tools
3995,Tools
3996,Tools
3997,Tools
3998,Tools
3999,Tools
4000,Tools
4001,Tools
4002,Tools
4003,Tools
4004,Tools
4005,Tools
4006,Tools
4007,Tools
4008,Tools
4009,Tools
4010,Tools
4011,Tools
4012,Tools
4013,Tools
4014,Tools
4015,Tools
4016,Tools
4017,Tools
4018,Tools
4019,Tools
4020,Tools
4021,Tools
4022,Tools
4023,Tools
4024,Tools
4025,Tools
4026,Tools
4027,Tools
4028,Tools
4029,Tools
4030,Tools
4031,Tools
4032,Tools
4033,Tools
4034,Tools
4035,Tools
4036,Tools
4037,Tools
4038,Tools
4039,Tools
4040,Tools
4041,Tools
4042,Tools
4043,Tools
4044,Tools
4045,Tools
4046,Tools
4047,Tools
4048,Tools
4049,Tools
4050,Tools
4051,Tools
4052,Tools
4053,Tools
4054,Tools
4055,Tools
4056,Tools
4057,Tools
4058,Tools
4059,Tools
4060,Tools
4061,Tools
4062,Tools
4063,Tools
4064,Tools
4065,Tools
4066,Tools
4067,Tools
4068,Tools
4069,Tools
4070,Tools
4071,Tools
4072,Tools
4073,Tools
4074,Tools
4075,Tools
4076,Tools
4077,Tools
4078,Tools
4079,Tools
4080,Tools
4081,Tools
4082,Tools
4083,Tools
4084,Tools
4085,Tools
4086,Tools
4087,Tools
4088,Tools
4089,Tools
4090,Tools
4091,Tools
4092,Tools
4093,Tools
4094,Tools
4095,Tools
4096,Tools
4097,Tools
4098,Tools
4099,Tools
4100,Tools
4101,Tools
4102,Tools
4103,Tools
4104,Tools
4105,Tools
4106,Tools
4107,Tools
4108,Tools
4109,Tools
4110,Tools
4111,Tools
4112,Tools
4113,Tools
4114,Tools
4115,Tools
4116,Tools
4117,Tools
4118,Tools
4119,Tools
4120,Tools
4121,Tools
4122,Tools
4123,Tools
4124,Tools
4125,Tools
4126,Tools
4127,Tools
4128,Tools
4129,Tools
4130,Tools
4131,Tools
4132,Tools
4133,Tools
4134,Tools
4135,Tools
4136,Tools
4137,Tools
4138,Tools
4139,Tools
4140,Tools
4141,Tools
4142,Tools
4143,Tools
4144,Tools
4145,Tools
4146,Tools
4147,Tools
4148,Tools
4149,Tools
4150,Tools
4151,Tools
4152,Tools
4153,Tools
4154,Tools
4155,Tools
4156,Tools
4157,Tools
4158,Tools
4159,Tools
4160,Tools
4161,Tools
4162,Tools
4163,Tools
4164,Tools
4165,Tools
4166,Tools
4167,Tools
4168,Tools
4169,Tools
4170,Tools
4171,Tools
4172,Tools
4173,Tools
4174,Tools
4175,Tools
4176,Tools
4177,Tools
4178,Tools
4179,Tools
4180,Tools
4181,Tools
4182,Tools
4183,Tools
4184,Tools
4185,Tools
4186,Tools
4187,Tools
4188,Tools
4189,Tools
4190,Tools
4191,Tools
4192,Tools
4193,Tools
4194,Tools
4195,Tools
4196,Tools
4197,Tools
4198,Tools
4199,Tools
4200,Tools
4201,Tools
4202,Tools
4203,Tools
4204,Tools
4205,Tools
4206,Tools
4207,Tools
4208,Tools
4209,Tools
4210,Tools
4211,Tools
4212,Tools
4213,Tools
4214,Tools
4215,Tools
4216,Tools
4217,Tools
4218,Tools
4219,Tools
4220,Tools
4221,Tools
4222,Tools
4223,Tools
4224,Tools
4225,Tools
4226,Tools
4227,Tools
4228,Tools
4229,Tools
4230,Tools
4231,Tools
4232,Tools
4233,Tools
4234,Tools
4235,Tools
4236,Tools
4237,Tools
4238,Tools
4239,Tools
4240,Tools
4241,Tools
4242,Tools
4243,Tools
4244,Tools
4245,Tools
4246,Tools
4247,Tools
4248,Tools
4249,Tools
4250,Tools
4251,Tools
4252,Tools
4253,Tools
4254,Tools
4255,Tools
4256,Tools
4257,Tools
4258,Tools
4259,Tools
4260,Tools
4261,Tools
4262,Tools
4263,Tools
4264,Tools
4265,Tools
4266,Tools
4267,Tools
4268,Tools
4269,Tools
4270,Tools
4271,Tools
4272,Tools
4273,Tools
4274,Tools
4275,Tools
4276,Tools
4277,Tools
4278,Tools
4279,Tools
4280,Tools
4281,Tools
4282,Tools
4283,Tools
4284,Tools
4285,Tools
4286,Tools
4287,Tools
4288,Tools
4289,Tools
4290,Tools
4291,Tools
4292,Tools
4293,Tools
4294,Tools
4295,Tools
4296,Tools
4297,Tools
4298,Tools
4299,Tools
4300,Tools
4301,Tools
4302,Tools
4303,Tools
4304,Tools
4305,Tools
4306,Tools
4307,Tools
4308,Tools
4309,Tools
4310,Tools
4311,Tools
4312,Tools
4313,Tools
4314,Tools
4315,Tools
4316,Tools
4317,Tools
4318,Tools
4319,Tools
4320,Tools
4321,Tools
4322,Tools
4323,Tools
4324,Tools
4325,Tools
4326,Tools
4327,Tools
4328,Tools
4329,Tools
4330,Tools
4331,Tools
4332,Tools
4333,Tools
4334,Tools
4335,Tools
4336,Tools
4337,Tools
4338,Tools
4339,Tools
4340,Tools
4341,Tools
4342,Tools
4343,Tools
4344,Tools
4345,Tools
4346,Tools
4347,Tools
4348,Tools
4349,Tools
4350,Tools
4351,Tools
4352,Tools
4353,Tools
4354,Tools
4355,Tools
4356,Tools
4357,Tools
4358,Tools
4359,Tools
4360,Tools
4361,Tools
4362,Tools
4363,Tools
4364,Tools
4365,Tools
4366,Tools
4367,Tools
4368,Tools
4369,Tools
4370,Tools
4371,Tools
4372,Tools
4373,Tools
4374,Tools
4375,Tools
4376,Tools
4377,Tools
4378,Tools
4379,Tools
4380,Tools
4381,Tools
4382,Tools
4383,Tools
4384,Tools
4385,Tools
4386,Tools
4387,Tools
4388,Tools
4389,Tools
4390,Tools
4391,Tools
4392,Tools
4393,Tools
4394,Tools
4395,Tools
4396,Tools
4397,Tools
4398,Tools
4399,Tools
4400,Tools
4401,Tools
4402,Tools
4403,Tools
4404,Tools
4405,Tools
4406,Tools
4407,Tools
4408,Tools
4409,Tools
4410,Tools
4411,Tools
4412,Tools
4413,Tools
4414,Tools
4415,Tools
4416,Tools
4417,Tools
4418,Tools
4419,Tools
4420,Tools
4421,Tools
4422,Tools
4423,Tools
4424,Tools
4425,Tools
4426,Tools
4427,Tools
4428,Tools
4429,Tools
4430,Tools
4431,Tools
4432,Tools
4433,Tools
4434,Tools
4435,Tools
4436,Tools
4437,Tools
4438,Tools
4439,Tools
4440,Tools
4441,Tools
4442,Tools
4443,Tools
4444,Tools
4445,Tools
4446,Tools
4447,Tools
4448,Tools
4449,Tools
4450,Tools
4451,Tools
4452,Tools
4453,Tools
4454,Tools
4455,Tools
4456,Tools
4457,Tools
4458,Tools
4459,Tools
4460,Tools
4461,Tools
4462,Tools
4463,Tools
4464,Tools
4465,Tools
4466,Tools
4467,Tools
4468,Tools
4469,Tools
4470,Tools
4471,Tools
4472,Tools
4473,Tools
4474,Tools
4475,Tools
4476,Tools
4477,Tools
4478,Tools
4479,Tools
4480,Tools
4481,Tools
4482,Tools
4483,Tools
4484,Tools
4485,Tools
4486,Tools
4487,Tools
4488,Tools
4489,Tools
4490,Tools
4491,Tools
4492,Tools
4493,Tools
4494,Tools
4495,Tools
4496,Tools
4497,Tools
4498,Tools
4499,Tools
4500,Tools
4501,Tools
4502,Tools
4503,Tools
4504,Tools
4505,Tools
4506,Tools
4507,Tools
4508,Tools
4509,Tools
4510,Tools
4511,Tools
4512,Tools
4513,Tools
4514,Tools
4515,Tools
4516,Tools
4517,Tools
4518,Tools
4519,Tools
4520,Tools
4521,Tools
4522,Tools
4523,Tools
4524,Tools
4525,Tools
4526,Tools
4527,Tools
4528,Tools
4529,Tools
4530,Tools
4531,Tools
4532,Tools
4533,Tools
4534,Tools
4535,Tools
4536,Tools
4537,Tools
4538,Tools
4539,Tools
4540,Tools
4541,Tools
4542,Tools
4543,Tools
4544,Tools
4545,Tools
4546,Tools
4547,Tools
4548,Tools
4549,Tools
4550,Tools
4551,Tools
4552,Tools
4553,Tools
4554,Tools
4555,Tools
4556,Tools
4557,Tools
4558,Tools
4559,Tools
4560,Tools
4561,Tools
4562,Tools
4563,Tools
4564,Tools
4565,Tools
4566,Tools
4567,Tools
4568,Tools
4569,Tools
4570,Tools
4571,Tools
4572,Tools
4573,Tools
4574,Tools
4575,Tools
4576,Tools
4577,Tools
4578,Tools
4579,Tools
4580,Tools
4581,Tools
4582,Tools
4583,Tools
4584,Tools
4585,Tools
4586,Tools
4587,Tools
4588,Tools
4589,Tools
4590,Tools
4591,Tools
4592,Tools
4593,Tools
4594,Tools
4595,Tools
4596,Tools
4597,Tools
4598,Tools
4599,Tools
4600,Tools
4601,Tools
4602,Tools
4603,Tools
4604,Tools
4605,Tools
4606,Tools
4607,Tools
4608,Tools
4609,Tools
4610,Tools
4611,Tools
4612,Tools
4613,Tools
4614,Tools
4615,Tools
4616,Tools
4617,Tools
4618,Tools
4619,Tools
4620,Tools
4621,Tools
4622,Tools
4623,Tools
4624,Tools
4625,Tools
4626,Tools
4627,Tools
4628,Tools
4629,Tools
4630,Tools
4631,Tools
4632,Tools
4633,Tools
4634,Tools
4635,Tools
4636,Tools
4637,Tools
4638,Tools
4639,Tools
4640,Tools
4641,Tools
4642,Tools
4643,Tools
4644,Tools
4645,Tools
4646,Tools
4647,Tools
4648,Tools
4649,Tools
4650,Tools
4651,Tools
4652,Tools
4653,Tools
4654,Tools
4655,Tools
4656,Tools
4657,Tools
4658,Tools
4659,Tools
4660,Tools
4661,Tools
4662,Tools
4663,Tools
4664,Tools
4665,Tools
4666,Tools
4667,Tools
4668,Tools
4669,Tools
4670,Tools
4671,Tools
4672,Tools
4673,Tools
4674,Tools
4675,Tools
4676,Tools
4677,Tools
4678,Tools
4679,Tools
4680,Tools
4681,Tools
4682,Tools
4683,Tools
4684,Tools
4685,Tools
4686,Tools
4687,Tools
4688,Tools
4689,Tools
4690,Tools
4691,Tools
4692,Tools
4693,Tools
4694,Tools
4695,Tools
4696,Tools
4697,Tools
4698,Tools
4699,Tools
4700,Tools
4701,Tools
4702,Tools
4703,Tools
4704,Tools
4705,Tools
4706,Tools
4707,Tools
4708,Tools
4709,Tools
4710,Tools
4711,Tools
4712,Tools
4713,Tools
4714,Tools
4715,Tools
4716,Tools
4717,Tools
4718,Tools
4719,Tools
4720,Tools
4721,Tools
4722,Tools
4723,Tools
4724,Tools
4725,Tools
4726,Tools
4727,Tools
4728,Tools
4729,Tools
4730,Tools
4731,Tools
4732,Tools
4733,Tools
4734,Tools
4735,Tools
4736,Tools
4737,Tools
4738,Tools
4739,Tools
4740,Tools
4741,Tools
4742,Tools
4743,Tools
4744,Tools
4745,Tools
4746,Tools
4747,Tools
4748,Tools
4749,Tools
4750,Tools
4751,Tools
4752,Tools
4753,Tools
4754,Tools
4755,Tools
4756,Tools
4757,Tools
4758,Tools
4759,Tools
4760,Tools
4761,Tools
4762,Tools
4763,Tools
4764,Tools
4765,Tools
4766,Tools
4767,Tools
4768,Tools
4769,Tools
4770,Tools
4771,Tools
4772,Tools
4773,Tools
4774,Tools
4775,Tools
4776,Tools
4777,Tools
4778,Tools
4779,Tools
4780,Tools
4781,Tools
4782,Tools
4783,Tools
4784,Tools
4785,Tools
4786,Tools
4787,Tools
4788,Tools
4789,Tools
4790,Tools
4791,Tools
4792,Tools
4793,Tools
4794,Tools
4795,Tools
4796,Tools
4797,Tools
4798,Tools
4799,Tools
4800,Tools
4801,Tools
4802,Tools
4803,Tools
4804,Tools
4805,Tools
4806,Tools
4807,Tools
4808,Tools
4809,Tools
4810,Tools
4811,Tools
4812,Tools
4813,Tools
4814,Tools
4815,Tools
4816,Tools
4817,Tools
4818,Tools
4819,Tools
4820,Tools
4821,Tools
4822,Tools
4823,Tools
4824,Tools
4825,Tools
4826,Tools
4827,Tools
4828,Tools
4829,Tools
4830,Tools
4831,Tools
4832,Tools
4833,Tools
4834,Tools
4835,Tools
4836,Tools
4837,Tools
4838,Tools
4839,Tools
4840,Tools
4841,Tools
4842,Tools
4843,Tools
4844,Tools
4845,Tools
4846,Tools
4847,Tools
4848,Tools
4849,Tools
4850,Tools
4851,Tools
4852,Tools
4853,Tools
4854,Tools
4855,Tools
4856,Tools
4857,Tools
4858,Tools
4859,Tools
4860,Tools
4861,Tools
4862,Tools
4863,Tools
4864,Tools
4865,Tools
4866,Tools
4867,Tools
4868,Tools
4869,Tools
4870,Tools
4871,Tools
4872,Tools
4873,Tools
4874,Tools
4875,Tools
4876,Tools
4877,Tools
4878,Tools
4879,Tools
4880,Tools
4881,Tools
4882,Tools
4883,Tools
4884,Tools
4885,Tools
4886,Tools
4887,Tools
4888,Tools
4889,Tools
4890,Tools
4891,Tools
4892,Tools
4893,Tools
4894,Tools
4895,Tools
4896,Tools
4897,Tools
4898,Tools
4899,Tools
4900,Tools
4901,Tools
4902,Tools
4903,Tools
4904,Tools
4905,Tools
4906,Tools
4907,Tools
4908,Tools
4909,Tools
4910,Tools
4911,Tools
4912,Tools
4913,Tools
4914,Tools
4915,Tools
4916,Tools
4917,Tools
4918,Tools
4919,Tools
4920,Tools
4921,Tools
4922,Tools
4923,Tools
4924,Tools
4925,Tools
4926,Tools
4927,Tools
4928,Tools
4929,Tools
4930,Tools
4931,Tools
4932,Tools
4933,Tools
4934,Tools
4935,Tools
4936,Tools
4937,Tools
4938,Tools
4939,Tools
4940,Tools
4941,Tools
4942,Tools
4943,Tools
4944,Tools
4945,Tools
4946,Tools
4947,Tools
4948,Tools
4949,Tools
4950,Tools
4951,Tools
4952,Tools
4953,Tools
4954,Tools
4955,Tools
4956,Tools
4957,Tools
4958,Tools
4959,Tools
4960,Tools
4961,Tools
4962,Tools
4963,Tools
4964,Tools
4965,Tools
4966,Tools
4967,Tools
4968,Tools
4969,Tools
4970,Tools
4971,Tools
4972,Tools
4973,Tools
4974,Tools
4975,Tools
4976,Tools
4977,Tools
4978,Tools
4979,Tools
4980,Tools
4981,Tools
4982,Tools
4983,Tools
4984,Tools
4985,Tools
4986,Tools
4987,Tools
4988,Tools
4989,Tools
4990,Tools
4991,Tools
4992,Tools
4993,Tools
4994,Tools
4995,Tools
4996,Tools
4997,Tools
4998,Tools
4999,Tools
5000,Tools
5001,Tools
5002,Tools
5003,Tools
5004,Tools
5005,Tools
5006,Tools
5007,Tools
5008,Tools
5009,Tools
5010,Tools
5011,Tools
5012,Tools
5013,Tools
5014,Tools
5015,Tools
5016,Tools
5017,Tools
5018,Tools
5019,Tools
5020,Tools
5021,Tools
5022,Tools
5023,Tools
5024,Tools
5025,Tools
5026,Tools
5027,Tools
5028,Tools
5029,Tools
5030,Tools
5031,Tools
5032,Tools
5033,Tools
5034,Tools
5035,Tools
5036,Tools
5037,Tools
5038,Tools
5039,Tools
5040,Tools
5041,Tools
5042,Tools
5043,Tools
5044,Tools
5045,Tools
5046,Tools
5047,Tools
5048,Tools
5049,Tools
5050,Tools
5051,Tools
5052,Tools
5053,Tools
5054,Tools
5055,Tools
5056,Tools
5057,Tools
5058,Tools
5059,Tools
5060,Tools
5061,Tools
5062,Tools
5063,Tools
5064,Tools
5065,Tools
5066,Tools
5067,Tools
5068,Tools
5069,Tools
5070,Tools
5071,Tools
5072,Tools
5073,Tools
5074,Tools
5075,Tools
5076,Tools
5077,Tools
5078,Tools
5079,Tools
5080,Tools
5081,Tools
5082,Tools
5083,Tools
5084,Tools
5085,Tools
5086,Tools
5087,Tools
5088,Tools
5089,Tools
5090,Tools
5091,Tools
5092,Tools
5093,Tools
5094,Tools
5095,Tools
5096,Tools
5097,Tools
5098,Tools
5099,Tools
5100,Tools
5101,Tools
5102,Tools
5103,Tools
5104,Tools
5105,Tools
5106,Tools
5107,Tools
5108,Tools
5109,Tools
5110,Tools
5111,Tools
5112,Tools
5113,Tools
5114,Tools
5115,Tools
5116,Tools
5117,Tools
5118,Tools
5119,Tools
5120,Tools
5121,Tools
5122,Tools
5123,Tools
5124,Tools
5125,Tools
5126,Tools
5127,Tools
5128,Tools
5129,Tools
5130,Tools
5131,Tools
5132,Tools
5133,Tools
5134,Tools
5135,Tools
5136,Tools
5137,Tools
5138,Tools
5139,Tools
5140,Tools
5141,Tools
5142,Tools
5143,Tools
5144,Tools
5145,Tools
5146,Tools
5147,Tools
5148,Tools
5149,Tools
5150,Tools
5151,Tools
5152,Tools
5153,Tools
5154,Tools
5155,Tools
5156,Tools
5157,Tools
5158,Tools
5159,Tools
5160,Tools
5161,Tools
5162,Tools
5163,Tools
5164,Tools
5165,Tools
5166,Tools
5167,Tools
5168,Tools
5169,Tools
5170,Tools
5171,Tools
5172,Tools
5173,Tools
5174,Tools
5175,Tools
5176,Tools
5177,Tools
5178,Tools
5179,Tools
5180,Tools
5181,Tools
5182,Tools
5183,Tools
5184,Tools
5185,Tools
5186,Tools
5187,Tools
5188,Tools
5189,Tools
5190,Tools
5191,Tools
5192,Tools
5193,Tools
5194,Tools
5195,Tools
5196,Tools
5197,Tools
5198,Tools
5199,Tools
5200,Tools
5201,Tools
5202,Tools
5203,Tools
5204,Tools
5205,Tools
5206,Tools
5207,Tools
5208,Tools
5209,Tools
5210,Tools
5211,Tools
5212,Tools
5213,Tools
5214,Tools
5215,Tools
5216,Tools
5217,Tools
5218,Tools
5219,Tools
5220,Tools
5221,Tools
5222,Tools
5223,Tools
5224,Tools
5225,Tools
5226,Tools
5227,Tools
5228,Tools
5229,Tools
5230,Tools
5231,Tools
5232,Tools
5233,Tools
5234,Tools
5235,Tools
5236,Tools
5237,Tools
5238,Tools
5239,Tools
5240,Tools
5241,Tools
5242,Tools
5243,Tools
5244,Tools
5245,Tools
5246,Tools
5247,Tools
5248,Tools
5249,Tools
5250,Tools
5251,Tools
5252,Tools
5253,Tools
5254,Tools
5255,Tools
5256,Tools
5257,Tools
5258,Tools
5259,Tools
5260,Tools
5261,Tools
5262,Tools
5263,Tools
5264,Tools
5265,Tools
5266,Tools
5267,Tools
5268,Tools
5269,Tools
5270,Tools
5271,Tools
5272,Tools
5273,Tools
5274,Tools
5275,Tools
5276,Tools
5277,Tools
5278,Tools
5279,Tools
5280,Tools
5281,Tools
5282,Tools
5283,Tools
5284,Tools
5285,Tools
5286,Tools
5287,Tools
5288,Tools
5289,Tools
5290,Tools
5291,Tools
5292,Tools
5293,Tools
5294,Tools
5295,Tools
5296,Tools
5297,Tools
5298,Tools
5299,Tools
5300,Tools
5301,Tools
5302,Tools
5303,Tools
5304,Tools
5305,Tools
5306,Tools
5307,Tools
5308,Tools
5309,Tools
5310,Tools
5311,Tools
5312,Tools
5313,Tools
5314,Tools
5315,Tools
5316,Tools
5317,Tools
5318,Tools
5319,Tools
5320,Tools
5321,Tools
5322,Tools
5323,Tools
5324,Tools
5325,Tools
5326,Tools
5327,Tools
5328,Tools
5329,Tools
5330,Tools
5331,Tools
5332,Tools
5333,Tools
5334,Tools
5335,Tools
5336,Tools
5337,Tools
5338,Tools
5339,Tools
5340,Tools
5341,Tools
5342,Tools
5343,Tools
5344,Tools
5345,Tools
5346,Tools
5347,Tools
5348,Tools
5349,Tools
5350,Tools
5351,Tools
5352,Tools
5353,Tools
5354,Tools
5355,Tools
5356,Tools
5357,Tools
5358,Tools
5359,Tools
5360,Tools
5361,Tools
5362,Tools
5363,Tools
5364,Tools
5365,Tools
5366,Tools
5367,Tools
5368,Tools
5369,Tools
5370,Tools
5371,Tools
5372,Tools
5373,Tools
5374,Tools
5375,Tools
5376,Tools
5377,Tools
5378,Tools
5379,Tools
5380,Tools
5381,Tools
5382,Tools
5383,Tools
5384,Tools
5385,Tools
5386,Tools
5387,Tools
5388,Tools
5389,Tools
5390,Tools
5391,Tools
5392,Tools
5393,Tools
5394,Tools
5395,Tools
5396,Tools
5397,Tools
5398,Tools
5399,Tools
5400,Tools
5401,Tools
5402,Tools
5403,Tools
5404,Tools
5405,Tools
5406,Tools
5407,Tools
5408,Tools
5409,Tools
5410,Tools
5411,Tools
5412,Tools
5413,Tools
5414,Tools
5415,Tools
5416,Tools
5417,Tools
5418,Tools
5419,Tools
5420,Tools
5421,Tools
5422,Tools
5423,Tools
5424,Tools
5425,Tools
5426,Tools
5427,Tools
5428,Tools
5429,Tools
5430,Tools
5431,Tools
5432,Tools
5433,Tools
5434,Tools
5435,Tools
5436,Tools
5437,Tools
5438,Tools
5439,Tools
5440,Tools
5441,Tools
5442,Tools
5443,Tools
5444,Tools
5445,Tools
5446,Tools
5447,Tools
5448,Tools
5449,Tools
5450,Tools
5451,Tools
5452,Tools
5453,Tools
5454,Tools
5455,Tools
5456,Tools
5457,Tools
5458,Tools
5459,Tools
5460,Tools
5461,Tools
5462,Tools
5463,Tools
5464,Tools
5465,Tools
5466,Tools
5467,Tools
5468,Tools
5469,Tools
5470,Tools
5471,Tools
5472,Tools
5473,Tools
5474,Tools
5475,Tools
5476,Tools
5477,Tools
5478,Tools
5479,Tools
5480,Tools
5481,Tools
5482,Tools
5483,Tools
5484,Tools
5485,Tools
5486,Tools
5487,Tools
5488,Tools
5489,Tools
5490,Tools
5491,Tools
5492,Tools
5493,Tools
5494,Tools
